REVIEW_ID,DATE,PRODUCT,CUSTOMER_NAME,RATING,REVIEW_TEXT,SENTIMENT,REVIEW_CATEGORY,VERIFIED_PURCHASE,HELPFUL_VOTES,REVIEW_LENGTH,REGION,CUSTOMER_SEGMENT
REV001,2024-01-15,PetTracker,Sarah Johnson,5,"Absolutely love the PetTracker! Found my dog Max in 2 hours when he escaped during a thunderstorm. The GPS accuracy is incredible and the battery life is amazing. Highly recommend!",Positive,Safety,Yes,45,156,North America,Premium
REV002,2024-01-16,HealthMonitor,Michael Chen,4,"Great health monitoring device. The heart rate tracking is accurate and the alerts work perfectly. Only giving 4 stars because the app could be more intuitive.",Positive,Health,Yes,23,89,North America,Standard
REV003,2024-01-17,SmartCollar,Emma Davis,5,"The SmartCollar is fantastic! The LED lights are bright and the training features really helped with my puppy's behavior. Worth every penny!",Positive,Training,Yes,67,134,North America,Premium
REV004,2024-01-18,PetTracker,David Wilson,3,"GPS works well but the app crashes frequently. Customer service was helpful but the software needs improvement.",Neutral,Technical,Yes,12,78,Europe,Standard
REV005,2024-01-19,HealthMonitor,Lisa Rodriguez,5,"This device saved my cat's life! Detected an irregular heartbeat and alerted me immediately. Vet confirmed it was serious. Thank you PawCore!",Positive,Health,Yes,89,201,North America,Premium
REV006,2024-01-20,SmartCollar,James Thompson,4,"Good quality collar with nice features. The battery life is decent and the fit is comfortable for my dog. Would buy again.",Positive,Quality,Yes,34,67,Europe,Standard
REV007,2024-01-21,PetTracker,Maria Garcia,2,"Disappointed with the range. GPS loses signal in my neighborhood and the geofencing doesn't work properly. Not worth the price.",Negative,Technical,Yes,8,92,North America,Standard
REV008,2024-01-22,HealthMonitor,Robert Lee,5,"Excellent health monitoring! The temperature alerts are spot on and the activity tracking is very accurate. My vet loves the data sharing feature.",Positive,Health,Yes,56,145,Asia Pacific,Premium
REV009,2024-01-23,SmartCollar,Jennifer Brown,4,"Great collar for night walks. The lights are bright and the battery lasts a long time. Only minor issue is the size adjustment.",Positive,Safety,Yes,28,73,North America,Standard
REV010,2024-01-24,PetTracker,Thomas Anderson,5,"Best pet tracker I've ever owned! Real-time tracking, long battery life, and the mobile app is excellent. Found my dog in minutes when he got lost.",Positive,Safety,Yes,78,167,Europe,Premium
REV011,2024-01-25,HealthMonitor,Amanda White,3,"Device works well but the subscription fee is too high. The basic features should be free. Good quality though.",Neutral,Value,Yes,15,89,North America,Standard
REV012,2024-01-26,SmartCollar,Christopher Martinez,5,"Amazing training collar! The vibration feature is perfect and my dog responds well to it. Much better than shock collars.",Positive,Training,Yes,42,98,Europe,Premium
REV013,2024-01-27,PetTracker,Rachel Green,4,"Good GPS tracker with nice features. The geofencing works well and the alerts are timely. App could be faster though.",Positive,Safety,Yes,31,76,Asia Pacific,Standard
REV014,2024-01-28,HealthMonitor,Daniel Clark,5,"Incredible health monitoring device! Detected my dog's arthritis early and helped us manage it better. The vet data integration is fantastic.",Positive,Health,Yes,67,189,North America,Premium
REV015,2024-01-29,SmartCollar,Stephanie Taylor,4,"Great visibility collar for night walks. The lights are bright and the battery life is good. Comfortable fit for my large dog.",Positive,Safety,Yes,23,67,Europe,Standard
REV016,2024-01-30,PetTracker,Kevin Johnson,1,"Terrible product! GPS never works properly, battery dies quickly, and customer service is unhelpful. Waste of money.",Negative,Technical,Yes,3,45,North America,Standard
REV017,2024-01-31,HealthMonitor,Nicole Adams,5,"Life-changing device! Monitors my senior dog's health perfectly and gives me peace of mind. The alerts are reliable and accurate.",Positive,Health,Yes,91,234,Europe,Premium
REV018,2024-02-01,SmartCollar,Andrew Wilson,4,"Good training collar with nice features. The LED lights are bright and the vibration is effective. Battery life could be longer.",Positive,Training,Yes,19,82,Asia Pacific,Standard
REV019,2024-02-02,PetTracker,Melissa Davis,5,"Excellent GPS tracker! Found my cat in the neighbor's garage within 10 minutes. The app is user-friendly and accurate.",Positive,Safety,Yes,54,123,North America,Premium
REV020,2024-02-03,HealthMonitor,Jason Brown,4,"Great health monitoring device. The heart rate tracking is accurate and the alerts work well. App interface could be improved.",Positive,Health,Yes,27,94,Europe,Standard
REV021,2024-02-04,SmartCollar,Ashley Miller,5,"Perfect collar for my active dog! The lights are bright, the fit is comfortable, and the training features work great.",Positive,Quality,Yes,38,89,North America,Premium
REV022,2024-02-05,PetTracker,Ryan Garcia,3,"GPS works okay but the app is slow and crashes often. Customer service helped but the software needs work.",Neutral,Technical,Yes,11,67,Asia Pacific,Standard
REV023,2024-02-06,HealthMonitor,Lauren Thompson,5,"Amazing health monitoring! Detected my dog's diabetes early and helped us get treatment quickly. The vet loves the data.",Positive,Health,Yes,73,198,North America,Premium
REV024,2024-02-07,SmartCollar,Brandon Lee,4,"Good quality collar with nice features. The LED lights are bright and the battery life is decent. Worth the price.",Positive,Quality,Yes,25,71,Europe,Standard
REV025,2024-02-08,PetTracker,Kimberly Anderson,5,"Best pet tracker ever! Real-time tracking, accurate GPS, and great battery life. Found my dog in minutes when he escaped.",Positive,Safety,Yes,82,156,North America,Premium
REV026,2024-02-09,HealthMonitor,Justin White,4,"Great health monitoring device. The temperature alerts are accurate and the activity tracking is helpful. App could be more intuitive.",Positive,Health,Yes,34,87,Asia Pacific,Standard
REV027,2024-02-10,SmartCollar,Samantha Martinez,5,"Excellent training collar! The vibration feature is perfect and my dog responds well. Much better than traditional collars.",Positive,Training,Yes,47,112,Europe,Premium
REV028,2024-02-11,PetTracker,Nathan Green,2,"GPS accuracy is poor and the battery life is terrible. Customer service was helpful but the product quality is disappointing.",Negative,Technical,Yes,6,78,North America,Standard
REV029,2024-02-12,HealthMonitor,Victoria Clark,5,"Life-saving device! Detected my cat's heart condition early and helped us get immediate treatment. The vet data sharing is invaluable.",Positive,Health,Yes,95,245,Europe,Premium
REV030,2024-02-13,SmartCollar,Tyler Johnson,4,"Great visibility collar for night walks. The lights are bright and the fit is comfortable. Battery life could be longer.",Positive,Safety,Yes,21,69,Asia Pacific,Standard
REV031,2024-02-14,PetTracker,Amber Taylor,5,"Incredible GPS tracker! Found my dog in the park within 5 minutes. The app is excellent and the tracking is very accurate.",Positive,Safety,Yes,68,134,North America,Premium
REV032,2024-02-15,HealthMonitor,Jordan Adams,4,"Good health monitoring device. The heart rate tracking is accurate and the alerts work well. Subscription cost is a bit high.",Positive,Health,Yes,29,91,Europe,Standard
REV033,2024-02-16,SmartCollar,Casey Wilson,5,"Perfect training collar! The LED lights are bright and the vibration feature works great. My dog learned commands quickly.",Positive,Training,Yes,41,98,North America,Premium
REV034,2024-02-17,PetTracker,Morgan Davis,3,"GPS works but the app is slow and crashes frequently. Customer service was helpful but the software needs improvement.",Neutral,Technical,Yes,13,72,Asia Pacific,Standard
REV035,2024-02-18,HealthMonitor,Hunter Brown,5,"Amazing health monitoring! Detected my dog's arthritis early and helped us manage it effectively. The vet integration is fantastic.",Positive,Health,Yes,76,201,Europe,Premium
REV036,2024-02-19,SmartCollar,Riley Miller,4,"Great quality collar with nice features. The lights are bright and the battery life is good. Comfortable for my large dog.",Positive,Quality,Yes,24,75,North America,Standard
REV037,2024-02-20,PetTracker,Peyton Garcia,5,"Excellent GPS tracker! Found my cat in the neighbor's yard within minutes. The app is user-friendly and very accurate.",Positive,Safety,Yes,59,128,Europe,Premium
REV038,2024-02-21,HealthMonitor,Quinn Thompson,4,"Good health monitoring device. The temperature alerts are accurate and the activity tracking is helpful. App interface could be better.",Positive,Health,Yes,31,85,Asia Pacific,Standard
REV039,2024-02-22,SmartCollar,Avery Lee,5,"Incredible training collar! The vibration feature is perfect and my dog responds well. Much better than shock collars.",Positive,Training,Yes,53,119,North America,Premium
REV040,2024-02-23,PetTracker,Skylar Anderson,2,"GPS accuracy is poor and the battery life is terrible. Customer service helped but the product quality is disappointing.",Negative,Technical,Yes,7,81,Europe,Standard
REV041,2024-02-24,HealthMonitor,Rowan White,5,"Life-changing device! Detected my dog's diabetes early and helped us get treatment quickly. The vet loves the data sharing.",Positive,Health,Yes,88,223,Asia Pacific,Premium
REV042,2024-02-25,SmartCollar,Sage Martinez,4,"Great visibility collar for night walks. The lights are bright and the fit is comfortable. Battery life could be longer.",Positive,Safety,Yes,22,71,North America,Standard
REV043,2024-02-26,PetTracker,River Green,5,"Best pet tracker I've ever owned! Real-time tracking, accurate GPS, and excellent battery life. Found my dog in minutes.",Positive,Safety,Yes,71,145,Europe,Premium
REV044,2024-02-27,HealthMonitor,Phoenix Clark,4,"Great health monitoring device. The heart rate tracking is accurate and the alerts work well. Subscription cost is reasonable.",Positive,Health,Yes,36,89,Asia Pacific,Standard
REV045,2024-02-28,SmartCollar,Indigo Johnson,5,"Perfect training collar! The LED lights are bright and the vibration feature works great. My dog learned commands quickly.",Positive,Training,Yes,44,103,North America,Premium
